id,name_first,name_last,dob,gender,ethnicity_description,legal_mailing_address,unit_description,floor_description,room_description,bed_description,status,admission_time,discharge_time,death_time,email,phone,outpatient,rev_by,rev_time,on_leave,group
9ec974ce-91d6-48e3-a8af-796c05348080,Adolfo,Ricker,1930-05-18,male,Hispanic,"{""city"": ""Dade City"", ""line1"": ""822 Tremaine Lane"", ""state"": ""FL"", ""country"": ""United States"", ""postalCode"": ""33523""}",18BF9EBF-,Main,41,A,Active,2015-12-26 16:25:00.000 -0800,,,,,,,,FALSE,A
adcafdc2-59a0-4d16-99fa-8c28c6c350e3,Arica,Kimbrell,1954-07-08,female,,"{""city"": ""Mayo"", ""line1"": ""422 Herbert Heights"", ""state"": ""FL"", ""country"": ""United States"", ""postalCode"": ""32066""}",-4.82674E+11,Main,221,A,Active,2014-11-25 03:28:00.000 -0800,,,,,,,,FALSE,A
c2f61106-e476-4104-b5a6-ebb071f1044c,Barrie,Dalton,1919-06-11,male,,"{""city"": ""Dade City"", ""line1"": ""822 Tremaine Lane"", ""state"": ""FL"", ""country"": ""United States"", ""postalCode"": ""33525""}",18BF9EBF-,Main,62,B,Active,2012-06-26 12:15:00.000 -0700,,,,,,,,FALSE,B
9f81c036-a344-4626-a59c-30a8014b9bc2,Buffy,Alonzo,1951-01-29,female,,"{""city"": ""Lake City"", ""line1"": ""170 Hazard Building"", ""state"": ""FL"", ""country"": ""United States"", ""postalCode"": ""32025""}",96BB191D-,Main,307,A,Active,2015-12-30 00:15:00.000 -0800,,,,,,,,FALSE,A
8a264fa7-fb77-4609-9c78-4a0f1b8f390b,Aracelis,Mccorkle,1924-03-27,female,"White, not of Hispanic Origin","{""city"": ""Dade City"", ""line1"": ""818 \""Pellyn,\"" Place"", ""state"": ""FL"", ""country"": ""United States"", ""postalCode"": ""33525""}",44C8D75E-,Main,31,A,Active,2016-03-18 14:45:00.000 -0700,,,,,,,,FALSE,A
85f3b357-ae5a-4c12-8250-dd907a604e41,Blake,White,1949-03-31,male,- UTD,"{""city"": ""Virginia Beach"", ""line1"": ""Ap #249-8506 Amet Rd."", ""state"": ""VA"", ""country"": ""United States"", ""postalCode"": ""85941""}",,,,,Active,2021-10-26 05:00:00.000 -0700,,,,,,,,FALSE,A
e4e437d2-4049-4567-b280-5824418a4bfc,Erna,Shearer,1948-08-26,female,,"{""city"": ""Tampa"", ""line1"": ""491 Roberts Street"", ""state"": ""FL"", ""country"": ""United States""}",2E63ECA4-,Main,217,A,Active,2015-11-18 06:05:00.000 -0800,,,,,,,,FALSE,A
dfd51b54-f2bd-428c-b825-b0efdbf44ebb,Dorotha,Beach,1928-07-31,female,"White, not of Hispanic Origin","{""city"": ""Temple Terrace"", ""line1"": ""357 Scarborough Lane"", ""line2"": ""59 Winchcombe Lane"", ""state"": ""FL"", ""country"": ""United States"", ""postalCode"": ""33617""}",DCB3F0AD-,Main,305,B,Active,2015-12-19 23:50:00.000 -0800,,,,,,,,FALSE,A
bcf2aacb-1384-4a3f-9ffa-680ef7588592,Bettyann,Abernathy,1928-08-13,female,"White, not of Hispanic Origin","{""city"": ""Dade City"", ""line1"": ""410 Goodrich Road"", ""line2"": ""458 Haw Road"", ""state"": ""FL"", ""country"": ""United States"", ""postalCode"": ""33525""}",18BF9EBF-,Main,61,A,Active,2015-10-23 04:14:00.000 -0700,,,,,,,,FALSE,B
7b4273ab-57e4-4245-94ab-9d1ee9e0d1c2,Ivan,Ketchum,1921-06-08,male,,"{""city"": ""Lake City"", ""line1"": ""584 Osborn Road"", ""line2"": ""163 Kennicot Street"", ""state"": ""FL"", ""country"": ""United States"", ""postalCode"": ""32025""}",-4.82674E+11,Main,310,B,Active,2012-11-27 13:00:00.000 -0800,,,,,,,,FALSE,A
2ca74445-67e4-411c-8ac5-0e8500d04517,Ailene,Edmond,1934-12-29,female,,"{""city"": ""Live Oak"", ""line1"": ""163 Kennicot Street"", ""state"": ""FL"", ""country"": ""United States"", ""postalCode"": ""32064""}",-4.82674E+11,Main,219,A,Active,2011-01-11 11:12:00.000 -0800,,,,,,,,FALSE,A
6541e568-ef3f-4952-8030-828c971b5d82,Lacresha,Ackerman,1928-09-30,female,,"{""city"": ""Live Oak"", ""line1"": ""220 Ramsden Avenue"", ""state"": ""FL"", ""country"": ""United States"", ""postalCode"": ""32064"", ""zipCodePlusFour"": ""1111""}",A85835C5-,Main,428,B,Active,2009-03-13 21:00:00.000 -0700,,,,,,,,FALSE,A
897d2fc9-1f75-4b2a-afc6-f30c19f8038f,Edmund,Nichols,1937-03-22,male,"White, not of Hispanic Origin","{""city"": ""Wesley Chapel"", ""line1"": ""400 Urran Avenue"", ""state"": ""FL"", ""country"": ""United States"", ""postalCode"": ""33544""}",44C8D75E-,Main,4,A,Active,2015-04-16 07:30:00.000 -0700,,,,,,,,FALSE,A
727f9fd1-4d2d-464d-9dab-8484668d1a3c,Grant,Orourke,1927-04-16,male,,"{""city"": ""Tampa"", ""line1"": ""762 Rowley Place"", ""state"": ""FL"", ""country"": ""United States"", ""postalCode"": ""33617""}",DCB3F0AD-,Main,308,A,Active,2015-08-19 13:00:00.000 -0700,,,,,,,,FALSE,A
7daa17de-938e-4784-a795-e416ae4f996a,Casandra,Bauer,1939-03-05,female,,"{""city"": ""Lake City"", ""line1"": ""511 Trelawney Plaza"", ""state"": ""FL"", ""country"": ""United States"", ""postalCode"": ""32025""}",-4.82674E+11,Main,225,A,Active,2016-03-21 07:30:00.000 -0700,,,,,,,,FALSE,A
955449ca-2601-4861-8fc9-487185c4975b,Bianca,Alger,1920-08-20,female,"White, not of Hispanic Origin","{""city"": ""Dade City"", ""line1"": ""109 Hogan Road"", ""state"": ""FL"", ""country"": ""United States"", ""postalCode"": ""33525""}",18BF9EBF-,Main,39,A,Active,2016-03-31 13:45:00.000 -0700,,,,,,,,FALSE,A
121f12fe-dc4e-403d-b283-360b792340d6,Shea,Killian,1960-10-31,male,,"{""city"": ""Riverview"", ""line1"": ""247 Reese Road"", ""line2"": ""422 Herbert Heights"", ""state"": ""FL"", ""country"": ""United States"", ""postalCode"": ""33578""}",DCB3F0AD-,Main,304,A,Active,2016-05-29 19:34:00.000 -0700,,,,,,,,FALSE,B
30b99d53-1332-4cdc-a058-1c097ffe89ae,Jean,Berry,1950-02-06,female,,"{""city"": ""Virginia Beach"", ""line1"": ""761-7254 Semper Road"", ""state"": ""VA"", ""country"": ""United States"", ""postalCode"": ""85941""}",,,,,Active,2022-09-30 05:00:00.000 -0700,,,,,,,,FALSE,A
17fb9a9c-5756-4eef-8d89-12a1f4f202f7,Griselda,Wharton,1934-03-07,female,,"{""city"": ""Dade City"", ""line1"": ""822 Tremaine Lane"", ""state"": ""FL"", ""country"": ""United States"", ""postalCode"": ""33525""}",6AF931DD-,Main,110,A,Active,2015-09-04 17:24:00.000 -0700,,,,,,,,FALSE,B
a1e89d6f-36d0-44c2-b1ad-0aa2ea747f4c,Naomi,Billingsley,1954-01-19,female,Hispanic,"{""city"": ""Wesley Chapel"", ""line1"": ""840 Richard Road"", ""state"": ""FL"", ""country"": ""United States"", ""postalCode"": ""33545""}",44C8D75E-,Main,5,B,Active,2013-07-18 09:15:00.000 -0700,,,,,,,,FALSE,B
2df46578-e9de-467e-b302-9422aaa50354,Dana,Buck,1934-11-20,female,,"{""city"": ""Virginia Beach"", ""line1"": ""4034 Sodales St."", ""state"": ""VA"", ""country"": ""United States"", ""postalCode"": ""85941""}",East Tower,Scrubbed__5D9100FB-09C7-49B2-B,625,Primary,Active,2023-02-28 05:00:00.000 -0800,,,,,,,,FALSE,A
a71a19d0-fa8c-4068-93cb-9a4b3052fcc2,Jabari,Casey,1944-07-30,male,White,"{""city"": ""Virginia Beach"", ""line1"": ""4034 Sodales St."", ""state"": ""VA"", ""country"": ""United States"", ""postalCode"": ""85941""}",West Tower,Scrubbed__415C0CC7-D810-460F-B,756,Secondary,Active,2022-07-21 05:00:00.000 -0700,,,,,,,,FALSE,A
8fdeb497-0b33-4a30-a6ee-e9d8a3bf0426,Kendall,Washington,1936-01-21,male,White,"{""city"": ""Virginia Beach"", ""line1"": ""4034 Sodales St."", ""state"": ""VA"", ""country"": ""United States"", ""postalCode"": ""85941""}",East Tower,Scrubbed__6915564E-D06E-4451-9,421,Primary,Active,2022-03-21 21:00:00.000 -0700,,,,,,,,FALSE,B
5e7ccbbe-4283-49f7-bc27-5252e09159a6,Chloe,Bethea,1933-05-29,female,,"{""city"": ""Lake City"", ""line1"": ""319 Richard Street"", ""state"": ""FL"", ""country"": ""United States"", ""postalCode"": ""32055""}",-4.82674E+11,Main,200,B,Active,2016-04-18 14:25:00.000 -0700,,,,,,,,FALSE,B
509a7179-797f-4c9d-8380-d71d462a8c06,Ilda,Wicker,1955-05-03,female,,"{""city"": ""Tampa"", ""line1"": ""696 Roderick Avenue"", ""state"": ""FL"", ""country"": ""United States"", ""postalCode"": ""33612""}",46E6D99E-,Main,411,A,Active,2014-12-01 03:55:00.000 -0800,,,,,,,,FALSE,B
f104b790-a87e-4e70-9c19-b53b407b8d82,Kam,Reyna,1916-11-05,male,"White, not of Hispanic Origin","{""city"": ""Zephyrhills"", ""line1"": ""877 Gilly Plaza"", ""state"": ""FL"", ""country"": ""United States"", ""postalCode"": ""33542""}",44C8D75E-,Main,13,A,Active,2015-06-15 17:30:00.000 -0700,,,,,,,,FALSE,A
8ae9d74a-42c1-482a-882d-5d6f1e8419c3,Mitchell,Vanhoose,1937-11-06,male,"White, not of Hispanic Origin","{""city"": ""Tampa"", ""line1"": ""66 Glasgow Plaza"", ""state"": ""FL"", ""country"": ""United States"", ""postalCode"": ""33610""}",44C8D75E-,Main,30,A,Active,2015-07-08 12:45:00.000 -0700,,,,,,,,FALSE,A
63551146-476e-4c1a-a604-e68b9f59a692,Landyn,Whitehead,1947-11-20,male,,"{""city"": ""Virginia Beach"", ""line1"": ""4034 Sodales St."", ""state"": ""VA"", ""country"": ""United States"", ""postalCode"": ""85941""}",West Tower,Scrubbed__5D9100FB-09C7-49B2-B,665,Primary,Active,2019-11-28 05:00:00.000 -0800,,,,,,,,FALSE,B
890b9f39-79f2-4d38-95ff-47c4624f8815,Cassaundra,Whalen,1932-10-12,female,"White, not of Hispanic Origin","{""city"": ""Dade City"", ""line1"": ""314 Schellden Road"", ""state"": ""FL"", ""country"": ""United States"", ""postalCode"": ""33526""}",44C8D75E-,Main,21,A,Active,2016-01-07 05:00:00.000 -0800,,,,,,,,FALSE,A
c5db2a36-788b-45e7-9401-829cbefc50b1,Kimberli,Bernal,1937-08-08,female,"Black, not of Hispanic origin","{""city"": ""Dade City"", ""line1"": ""573 Huntington Place"", ""state"": ""FL"", ""country"": ""United States"", ""postalCode"": ""33523""}",44C8D75E-,Main,26,A,Active,2016-05-05 18:36:00.000 -0700,,,,,,,,FALSE,A
1233e6f8-0f80-43d1-b17d-0255e017f46f,Campbell,Decker,1948-02-19,male,,"{""city"": ""Virginia Beach"", ""line1"": ""9678 Fringilla Road"", ""state"": ""VA"", ""country"": ""United States"", ""postalCode"": ""85941""}",,,,,Active,2023-03-17 05:00:00.000 -0700,,,,,,,,FALSE,B
940ad27d-5bb6-42fa-91a7-4056657be861,Darnell,Irvine,1930-01-23,male,,{},DCB3F0AD-,Main,303,A,Active,2016-06-02 08:52:00.000 -0700,,,,,,,,FALSE,A
b1909d0a-a7c8-47d6-b1cf-5c66274c2a4e,Jarrod,Whitley,1938-02-17,male,,"{""city"": ""Tampa"", ""line1"": ""878 Plympton Place"", ""state"": ""FL"", ""country"": ""United States"", ""postalCode"": ""33604""}",2E63ECA4-,Main,216,B,Active,2016-01-07 02:40:00.000 -0800,,,,,,,,FALSE,B
ee704cfd-cfed-4ebe-8952-65ccaea96144,Easton,Lutz,1930-11-12,male,,"{""city"": ""Virginia Beach"", ""line1"": ""4034 Sodales St."", ""state"": ""VA"", ""country"": ""United States"", ""postalCode"": ""85941""}",East Tower,Scrubbed__1FB3266D-0F41-4A71-9,1130,Primary,Active,2020-02-24 05:00:00.000 -0800,,,,,,,,FALSE,B
11b5bbb1-2c43-4925-b646-d73e1bf468d2,Chase,Behrens,1916-09-21,male,"White, not of Hispanic Origin","{""city"": ""Dade City"", ""line1"": ""245 Swithin Plaza"", ""state"": ""FL"", ""country"": ""United States"", ""postalCode"": ""33523""}",18BF9EBF-,Main,55,A,Active,2013-11-22 18:49:00.000 -0800,,,,,,,,FALSE,B
162d7d55-e7ac-4e7e-897e-c648985d8e29,Joyce,Mcdaniel,1939-03-17,female,,"{""city"": ""Virginia Beach"", ""line1"": ""4034 Sodales St."", ""state"": ""VA"", ""country"": ""United States"", ""postalCode"": ""85941""}",East Tower,Scrubbed__5D9100FB-09C7-49B2-B,614,Primary,Active,2016-12-28 05:00:00.000 -0800,,,,,,,,FALSE,A
34c25df0-441b-4d92-9aa1-fcbe9e997a00,Evan,Holt,1940-02-27,male,,"{""city"": ""Virginia Beach"", ""line1"": ""4034 Sodales St."", ""state"": ""VA"", ""country"": ""United States"", ""postalCode"": ""85941""}",East Tower,Scrubbed__2CE27FC8-C45D-477B-8,1008,Primary,Active,2015-12-28 05:00:00.000 -0800,,,,,,,,FALSE,B
c9121b87-ac3d-4cb4-b453-7c96504c1747,Erna,Belton,1936-02-13,female,"White, not of Hispanic Origin","{""city"": ""Wesley Chapel"", ""line1"": ""163 Kennicot Street"", ""state"": ""FL"", ""country"": ""United States"", ""postalCode"": ""33544""}",18BF9EBF-,Main,42,A,Active,2016-05-26 14:55:00.000 -0700,,,,,,,,FALSE,A
36066774-2140-483c-95da-47045acb8d86,Floy,Timm,1954-09-19,female,Hispanic,"{""city"": ""Lachoochee"", ""line1"": ""611 Kerr Heights"", ""state"": ""FL"", ""country"": ""United States"", ""postalCode"": ""33523""}",18BF9EBF-,Main,52,A,Active,2016-05-27 19:35:00.000 -0700,,,,,,,,FALSE,B
17a6d3b2-5dba-48c6-9102-e0bdb1835f22,Lashawn,Ybarra,1932-11-01,male,"White, not of Hispanic Origin","{""city"": ""Zephyrhills"", ""line1"": ""372 Redden Lane"", ""state"": ""FL"", ""country"": ""United States"", ""postalCode"": ""33541""}",44C8D75E-,Main,3,B,Active,2014-05-13 12:46:00.000 -0700,,,,,,,,FALSE,A
d310a0a7-5d7d-435a-bbd0-d25fe39dc94b,Jeremy,Potts,1943-01-31,male,,"{""city"": ""Virginia Beach"", ""line1"": ""4034 Sodales St."", ""state"": ""VA"", ""country"": ""United States"", ""postalCode"": ""85941""}",East Tower,Scrubbed__C35F47C4-20FD-4B70-8,925,Primary,Active,2016-09-27 05:00:00.000 -0700,,,,,,,,FALSE,B
f8c80ba4-f815-4ba9-b733-6b531ee93a76,Roger,Rizzo,1929-10-02,male,,"{""city"": ""Lake City"", ""line1"": ""348 Ralph Road"", ""state"": ""FL"", ""country"": ""United States"", ""postalCode"": ""32025""}",-4.82674E+11,Main,203,A,Active,2009-06-29 21:00:00.000 -0700,,,,,,,,FALSE,B
d6626d73-201b-42e5-9759-5bcbff1fb295,Shantay,Orellana,1927-07-20,female,,"{""city"": ""Lake City"", ""line1"": ""696 Roderick Avenue"", ""state"": ""FL"", ""country"": ""United States"", ""postalCode"": ""32055""}",96BB191D-,Main,121,B,Active,2015-06-25 10:17:00.000 -0700,,,,,,,,FALSE,A
f858b1db-f314-419e-808f-d491544724fd,Miranda,Alarcon,1930-07-06,female,"White, not of Hispanic Origin",{},44C8D75E-,Main,11,A,Active,2015-02-26 10:30:00.000 -0800,,,,,,,,FALSE,A
9df55430-a5eb-43cb-9628-25094a5d478f,Lorine,Whiting,1950-10-17,female,,"{""city"": ""Lake City"", ""line1"": ""245 Swithin Plaza"", ""state"": ""FL"", ""country"": ""United States"", ""postalCode"": ""32055""}",A85835C5-,Main,423,A,Active,2016-06-03 13:15:00.000 -0700,,,,,,,,FALSE,A
87a69122-5e88-43b6-a94f-aaab85740bf8,Audrina,Franco,1938-01-03,female,,"{""city"": ""Virginia Beach"", ""line1"": ""4034 Sodales St."", ""state"": ""VA"", ""country"": ""United States"", ""postalCode"": ""85941""}",East Tower,Scrubbed__415C0CC7-D810-460F-B,722,Primary,Active,2017-07-11 05:00:00.000 -0700,,,,,,,,FALSE,A
314e981c-950c-4917-b4c5-b9eb69ca6983,Delilah,Oliphant,1946-04-11,female,"White, not of Hispanic Origin","{""city"": ""Wesley Chapel"", ""line1"": ""410 Oswald Heights"", ""state"": ""FL"", ""country"": ""United States"", ""postalCode"": ""33544""}",44C8D75E-,Main,5,A,Active,2016-03-21 10:58:00.000 -0700,,,,,,,,FALSE,B
c2ac3cec-2a1f-42a1-954a-6fde3766b364,Nichole,Bauer,1928-09-30,female,"Black, not of Hispanic origin","{""city"": ""Lake City"", ""line1"": ""759 Whitney Plaza"", ""state"": ""FL"", ""country"": ""United States"", ""postalCode"": ""32025""}",-4.82674E+11,Main,211,A,Active,2015-10-12 13:45:00.000 -0700,,,,,,,,FALSE,A
eb475c00-2f0b-43b2-a845-630a1ad5aa3a,Hillary,Lehman,1930-11-02,female,"White, not of Hispanic Origin","{""city"": ""Dade City"", ""line1"": ""220 Ramsden Avenue"", ""state"": ""FL"", ""country"": ""United States"", ""postalCode"": ""33525""}",18BF9EBF-,Main,45,B,Active,2016-05-10 14:50:00.000 -0700,,,,,,,,FALSE,A
09ad6f4d-82d9-45bf-b942-a60f42623e51,Quentin,Kramer,1947-03-25,male,,"{""city"": ""Virginia Beach"", ""line1"": ""Ap #165-5168 Turpis. Avenue"", ""state"": ""VA"", ""country"": ""United States"", ""postalCode"": ""85941""}",,,,,Active,2023-04-19 05:00:00.000 -0700,,,,,,,,FALSE,A
2540746e-3269-4bfa-861f-d27562e97dc8,Rebeca,Albertson,1947-01-25,female,"White, not of Hispanic Origin","{""city"": ""Live Oak"", ""line1"": ""815 Reed Plaza"", ""state"": ""FL"", ""country"": ""United States"", ""postalCode"": ""32064""}",-4.82674E+11,Main,211,B,Active,2015-02-08 14:55:00.000 -0800,,,,,,,,FALSE,B
5ed1c176-03d4-4f37-9f65-ff93baec3755,Tennille,Vallejo,1933-11-05,female,,"{""city"": ""Tampa"", ""line1"": ""237 Hayman Street"", ""state"": ""FL"", ""country"": ""United States"", ""postalCode"": ""33607""}",C60E7382-,Main,20,A,Active,2016-06-07 15:25:00.000 -0700,,,,,,,,FALSE,B
f0399af3-a355-4a39-a40e-9f46ffb0a8ca,Luella,Johns,1920-05-24,female,,"{""city"": ""Tampa"", ""line1"": ""400 Urran Avenue"", ""state"": ""FL"", ""country"": ""United States"", ""postalCode"": ""33610""}",46E6D99E-,Main,408,B,Active,2015-03-13 10:40:00.000 -0700,,,,,,,,FALSE,B
62c5df09-680b-4e52-8e95-e4841c61030a,Ailene,Young,1950-02-20,female,"Black, not of Hispanic origin","{""city"": ""Dade City"", ""line1"": ""611 Kerr Heights"", ""state"": ""FL"", ""country"": ""United States"", ""postalCode"": ""33525""}",18BF9EBF-,Main,58,A,Active,2016-05-12 12:30:00.000 -0700,,,,,,,,FALSE,B
7abbd180-8bbb-4bff-ae3d-d53912f3df95,Rochel,Jeffries,1940-12-30,female,,"{""city"": ""Ruskin"", ""line1"": ""357 Scarborough Lane"", ""state"": ""FL"", ""country"": ""United States"", ""postalCode"": ""33570""}",2E63ECA4-,Main,219,C,Active,2012-12-26 18:37:00.000 -0800,,,,,,,,FALSE,A
81464898-f235-4b9f-9fae-0c71c515a642,Maia,Horne,1940-10-02,female,,"{""city"": ""Virginia Beach"", ""line1"": ""4034 Sodales St."", ""state"": ""VA"", ""country"": ""United States"", ""postalCode"": ""85941""}",West Tower,Scrubbed__1FB3266D-0F41-4A71-9,1164,Primary,Active,2015-09-30 05:00:00.000 -0700,,,,,,,,FALSE,B
6a7ee3e5-60c0-4986-af85-f531d6edd617,Tomasa,Bauer,1936-01-13,female,,"{""city"": ""Tampa"", ""line1"": ""491 Roberts Street"", ""state"": ""FL"", ""country"": ""United States"", ""postalCode"": ""33612""}",46E6D99E-,Main,415,A,Active,2009-08-17 21:00:00.000 -0700,,,,,,,,FALSE,B
1c3cfa27-4c61-461f-a369-411288dfd516,Sheree,Abrams,1933-07-14,female,,"{""city"": ""O Brien"", ""line1"": ""611 Kerr Heights"", ""state"": ""FL"", ""country"": ""United States"", ""postalCode"": ""32071""}",-4.82674E+11,Main,202,A,Active,2016-02-12 14:27:00.000 -0800,,,,,,,,FALSE,A
ccd59179-2428-4162-a596-d542fefe795e,Klara,Allison,1935-05-30,female,"Black, not of Hispanic origin","{""city"": ""Tampa"", ""line1"": ""446 Hoskins Place"", ""state"": ""FL"", ""country"": ""United States"", ""postalCode"": ""33687""}",C60E7382-,Main,24,B,Active,2015-12-08 16:35:00.000 -0800,,,,,,,,FALSE,B
ae0108e3-8b69-4ce1-b609-387c0afd9120,Leda,Kilgore,1951-10-25,female,,"{""city"": ""Tampa"", ""state"": ""FL"", ""country"": ""United States""}",C60E7382-,Main,22,B,Active,2015-12-08 04:29:00.000 -0800,,,,,,,,FALSE,A
7b393168-f30d-4b42-8bdf-c1a7779d681a,Misty,Valdes,1941-01-22,female,,"{""city"": ""Tampa"", ""state"": ""FL"", ""country"": ""United States""}",DCB3F0AD-,Main,325,A,Active,2014-12-05 22:42:00.000 -0800,,,,,,,,FALSE,A
b0b81bcf-847c-487f-b1d1-bfb93ac31f9f,Neta,Barham,1956-12-07,female,,"{""city"": ""Tampa"", ""line1"": ""357 Scarborough Lane"", ""state"": ""FL"", ""country"": ""United States"", ""postalCode"": ""33612""}",C60E7382-,Main,5,A,Active,2008-11-04 21:00:00.000 -0800,,,,,,,,FALSE,A
915000fc-389b-4b48-a034-bbbcbd265a91,Arlen,Wetzel,1927-11-25,male,,{},2E63ECA4-,Main,222,C,Active,2016-01-30 09:00:00.000 -0800,,,,,,,,FALSE,A
482021c0-b477-4136-9d36-bb083699ba34,Bettina,Eason,1937-03-22,female,,"{""city"": ""Tampa"", ""line1"": ""907 Wickham Place"", ""state"": ""FL"", ""country"": ""United States"", ""postalCode"": ""33617""}",46E6D99E-,Main,416,B,Active,2014-12-16 05:15:00.000 -0800,,,,,,,,FALSE,B
a9de13c5-9fe6-4c7b-98cb-606aaf8bcc92,Chloe,Mcclintock,1954-11-08,female,,"{""city"": ""Lutz"", ""line1"": ""710 Randal Lane"", ""line2"": ""573 Huntington Place"", ""state"": ""FL"", ""country"": ""United States"", ""postalCode"": ""33559""}",46E6D99E-,Main,419,B,Active,2014-10-09 04:59:00.000 -0700,,,,,,,,FALSE,B
ec68628f-1de7-4f5d-9520-0a173f63bade,Jettie,Ali,1952-05-16,female,,"{""city"": ""Dade City"", ""line1"": ""928 Stapleton Street"", ""state"": ""FL"", ""country"": ""United States"", ""postalCode"": ""33523""}",6AF931DD-,Main,108,A,Active,2015-11-12 09:30:00.000 -0800,,,,,,,,FALSE,B
90e11bdb-8df3-45de-8b02-b233a26958f3,Juli,Mcclendon,1939-04-08,female,,{},C60E7382-,Main,25,A,Active,2016-02-09 04:35:00.000 -0800,,,,,,,,FALSE,A
4eefbbc2-05e3-4e0a-84b5-95df5509e8b6,Aja,Farrell,1941-02-17,female,,"{""city"": ""Temple Terrace"", ""line1"": ""26 Rowle Building"", ""state"": ""FL"", ""country"": ""United States"", ""postalCode"": ""33617""}",C60E7382-,Main,24,A,Active,2015-07-15 23:45:00.000 -0700,,,,,,,,FALSE,B
b2754211-dbc3-4dc4-be01-4bf4a4b28a47,Julienne,Easton,1956-01-15,female,"White, not of Hispanic Origin","{""city"": ""Webster"", ""line1"": ""710 Randal Lane"", ""state"": ""FL"", ""country"": ""United States"", ""postalCode"": ""33597""}",18BF9EBF-,Main,55,B,Active,2015-03-10 02:45:00.000 -0700,,,,,,,,FALSE,A
c70ee06c-f370-47d3-8a76-3a04d8bb5480,Maddie,Batts,1942-10-18,female,"White, not of Hispanic Origin","{""city"": ""Wesley Chapel"", ""line1"": ""337 Stanwood Road"", ""state"": ""FL"", ""country"": ""United States"", ""postalCode"": ""33544""}",44C8D75E-,Main,24,B,Active,2016-04-09 15:20:00.000 -0700,,,,,,,,FALSE,A
f06f54c1-c260-44a5-8a03-dc453fda6dc3,Maybelle,Nicholson,1927-03-06,female,,"{""city"": ""Dade City"", ""line1"": ""236 Theobald Plaza"", ""state"": ""FL"", ""country"": ""United States"", ""postalCode"": ""33525""}",44C8D75E-,Main,20,B,Active,2015-03-30 03:00:00.000 -0700,,,,,,,,FALSE,A
c4f63992-22b8-4736-928c-8d87e2fd8090,Caroll,Kendrick,1944-08-22,female,,"{""city"": ""Brandon"", ""line1"": ""565 Stratton Building"", ""state"": ""FL"", ""country"": ""United States"", ""postalCode"": ""33511""}",C60E7382-,Main,28,A,Active,2012-01-28 16:15:00.000 -0800,,,,,,,,FALSE,B
b1e16e1a-59da-4061-90ec-1c815aa839c5,Alton,Whittington,1926-06-21,male,Hispanic,"{""city"": ""Tampa"", ""line1"": ""357 Scarborough Lane"", ""state"": ""FL"", ""country"": ""United States"", ""postalCode"": ""33624""}",46E6D99E-,Main,406,A,Active,2015-12-11 17:35:00.000 -0800,,,,,,,,FALSE,B
1e418b91-73cb-440e-9b6c-714e26648ba0,Florentina,Albertson,1929-02-02,female,"White, not of Hispanic Origin","{""city"": ""Seffner"", ""line1"": ""170 Hazard Building"", ""state"": ""FL"", ""country"": ""United States"", ""postalCode"": ""33584""}",46E6D99E-,Main,415,B,Active,2016-02-12 21:00:00.000 -0800,,,,,,,,FALSE,B
144c131c-a038-4622-921c-66f08d3853a8,Kelsey,Allison,1934-05-07,female,,"{""city"": ""Tampa"", ""line1"": ""491 Ockley Building"", ""state"": ""FL"", ""country"": ""United States"", ""postalCode"": ""33617""}",46E6D99E-,Main,425,A,Active,2015-01-11 15:45:00.000 -0800,,,,,,,,FALSE,A
d7390190-9076-4937-a915-466740ce8500,Maris,Edmond,1936-02-13,female,,"{""city"": ""Lawtey"", ""line1"": ""372 Redden Lane"", ""state"": ""FL"", ""country"": ""United States"", ""postalCode"": ""32058""}",2E63ECA4-,Main,222,B,Active,2016-05-25 15:45:00.000 -0700,,,,,,,,FALSE,A
f9d362f0-7577-4b1d-85a9-5fb73e455b4d,Princess,Betancourt,1946-07-04,female,,"{""city"": ""Tampa"", ""line1"": ""929 Robert Avenue"", ""line2"": ""224 Paddock Heights"", ""state"": ""FL"", ""country"": ""United States"", ""postalCode"": ""33613""}",2E63ECA4-,Main,211,B,Active,2014-12-12 03:16:00.000 -0800,,,,,,,,FALSE,B
eeeb73a5-f838-49c1-b3d8-b2779b7e411d,Versie,Adam,1936-07-03,female,,"{""city"": ""Tampa"", ""line1"": ""446 Hoskins Place"", ""state"": ""FL"", ""country"": ""United States"", ""postalCode"": ""33685""}",6AF931DD-,Main,112,B,Active,2011-06-20 16:00:00.000 -0700,,,,,,,,FALSE,A
97fdcb63-6a18-4dba-b230-5206474dc71e,Linnie,Batchelor,1931-07-30,female,,"{""city"": ""Tampa"", ""line1"": ""357 Scarborough Lane"", ""state"": ""FL"", ""country"": ""United States"", ""postalCode"": ""33617""}",C60E7382-,Main,12,B,Active,2015-11-23 01:55:00.000 -0800,,,,,,,,FALSE,B
f2ed56ca-a317-402d-8858-de342573d715,Miranda,Perryman,1940-09-26,female,"Black, not of Hispanic origin","{""city"": ""Trilby"", ""line1"": ""815 Reed Plaza"", ""state"": ""FL"", ""country"": ""United States"", ""postalCode"": ""33593""}",18BF9EBF-,Main,40,B,Active,2016-05-26 09:54:00.000 -0700,,,,,,,,FALSE,B
34184f95-2111-4d75-979b-561694798641,Nicholle,Ritchey,1930-05-18,female,"White, not of Hispanic Origin","{""city"": ""Zephyrhills"", ""line1"": ""934 Sheldon Street"", ""state"": ""FL"", ""country"": ""United States"", ""postalCode"": ""33541""}",44C8D75E-,Main,7,B,Active,2015-10-09 16:05:00.000 -0700,,,,,,,,FALSE,B
b3772bfb-2d61-4e7c-85e6-5263feb94507,Bettyann,Thrash,1928-11-30,female,,"{""city"": ""Dade City"", ""line1"": ""717 Sellick Avenue"", ""state"": ""FL"", ""country"": ""United States"", ""postalCode"": ""33523""}",18BF9EBF-,Main,35,B,Active,2015-11-10 12:00:00.000 -0800,,,,,,,,FALSE,A
d3bfb22f-6052-43cf-b18b-c9c313ad485c,Dannie,Bergman,1947-09-03,male,Hispanic,"{""city"": ""Dade City"", ""line1"": ""237 Hayman Street"", ""state"": ""FL"", ""country"": ""United States"", ""postalCode"": ""33523""}",44C8D75E-,Main,29,A,Active,2014-11-29 17:15:00.000 -0800,,,,,,,,FALSE,B
6f46a8b6-c4bf-4f54-91df-0aad0d3c2d47,Lezlie,Whitehurst,1939-07-27,female,"White, not of Hispanic Origin","{""city"": ""Dade City"", ""line1"": ""410 Goodrich Road"", ""line2"": ""708 Garrah Lane"", ""state"": ""FL"", ""country"": ""United States"", ""postalCode"": ""33525""}",18BF9EBF-,Main,47,B,Active,2013-01-24 17:25:00.000 -0800,,,,,,,,FALSE,A
122115ef-249f-440e-bf02-70cc823fa8f8,Milan,Jessup,1927-09-09,male,"White, not of Hispanic Origin","{""city"": ""Dade City"", ""line1"": ""897 Halifax Place"", ""state"": ""FL"", ""country"": ""United States"", ""postalCode"": ""33523""}",44C8D75E-,Main,12,B,Active,2014-09-08 12:25:00.000 -0700,,,,,,,,FALSE,A
47bb2c6c-f88e-4bfd-bf7f-7ead2c167a16,Reva,Eastman,1937-09-29,female,"White, not of Hispanic Origin","{""city"": ""Dade City"", ""line1"": ""277 Sears Place"", ""state"": ""FL"", ""country"": ""United States"", ""postalCode"": ""33525""}",18BF9EBF-,Main,62,A,Active,2014-06-26 14:55:00.000 -0700,,,,,,,,FALSE,B
27b14a92-5d7f-420c-85e8-83214e829804,Antonette,Aldrich,1958-08-13,female,,"{""city"": ""Live Oak"", ""line1"": ""194 Whiting Street"", ""state"": ""FL"", ""country"": ""United States"", ""postalCode"": ""32060""}",96BB191D-,Main,300,A,Active,2016-04-08 17:15:00.000 -0700,,,,,,,,FALSE,B
49e6bd07-b429-466a-8642-ff1551ef46bc,Aurelio,Whiting,1939-04-08,male,,"{""city"": ""Live Oak"", ""line1"": ""696 Roderick Avenue"", ""state"": ""FL"", ""country"": ""United States"", ""postalCode"": ""32060""}",-4.82674E+11,Main,214,B,Active,2016-05-19 12:30:00.000 -0700,,,,,,,,FALSE,B
c3721fea-dd6b-49eb-9cf3-c8adcfe9b65d,Darnell,Batten,1957-01-30,male,"Black, not of Hispanic origin","{""city"": ""Lake Butler"", ""line1"": ""918 McHard Street"", ""state"": ""FL"", ""country"": ""United States"", ""postalCode"": ""32054""}",96BB191D-,Main,121,A,Active,2015-10-09 20:00:00.000 -0700,,,,,,,,FALSE,B
5209b9a2-fa14-473b-bda9-e3df5cf4659b,Erna,Jernigan,1930-02-24,female,,"{""city"": ""Live Oak"", ""line1"": ""565 Stratton Building"", ""state"": ""FL"", ""country"": ""United States"", ""postalCode"": ""32060""}",A85835C5-,Main,229,A,Active,2014-12-12 00:30:00.000 -0800,,,,,,,,FALSE,A
dda95dd8-c3f3-4082-9d55-52d28a06b30f,Florentina,Allison,1923-08-03,female,,"{""city"": ""Jasper"", ""line1"": ""314 Schellden Road"", ""state"": ""FL"", ""country"": ""United States"", ""postalCode"": ""32052""}",-4.82674E+11,Main,308,A,Active,2014-12-10 14:30:00.000 -0800,,,,,,,,FALSE,A
89f5adc7-61a7-4904-bda2-573a267eed7d,Hillary,Olivarez,1942-10-18,female,,"{""city"": ""O Brien"", ""line1"": ""696 Roderick Avenue"", ""line2"": ""26 Rowle Building"", ""state"": ""FL"", ""country"": ""United States"", ""postalCode"": ""32071""}",A85835C5-,Main,408,A,Active,2016-05-17 15:42:00.000 -0700,,,,,,,,FALSE,B
d0c22118-1c3d-4760-a4a6-613770e840a1,Juli,Bentley,1947-06-14,female,,"{""city"": ""Old Town"", ""line1"": ""491 Ockley Building"", ""state"": ""FL"", ""country"": ""United States"", ""postalCode"": ""32680""}",-4.82674E+11,Main,218,B,Active,2015-03-19 00:00:00.000 -0700,,,,,,,,FALSE,A
16052912-8da3-4f6f-ac11-3831d6334f54,Daina,Pereira,1928-04-23,female,,"{""city"": ""Mc Alpin"", ""line1"": ""768 Roland Avenue"", ""state"": ""FL"", ""country"": ""United States"", ""postalCode"": ""32062""}",-4.82674E+11,Main,203,B,Active,2016-02-04 17:00:00.000 -0800,,,,,,,,FALSE,A
704342d6-3709-42db-a211-e2936b2437c4,Ed,Mccarthy,1951-03-22,male,"White, not of Hispanic Origin","{""city"": ""Branford"", ""line1"": ""232 Truax Street"", ""state"": ""FL"", ""country"": ""United States"", ""postalCode"": ""32008""}",-4.82674E+11,Main,209,A,Active,2016-01-15 09:10:00.000 -0800,,,,,,,,FALSE,A
cf689ec8-2c99-49e7-9d5b-db83555725ef,Griselda,Isaacson,1951-04-13,female,,"{""city"": ""Branford"", ""line1"": ""422 Herbert Heights"", ""state"": ""FL"", ""country"": ""United States"", ""postalCode"": ""32008""}",96BB191D-,Main,103,A,Active,2013-01-29 10:57:00.000 -0800,,,,,,,,FALSE,A
cbb0e5de-a862-44c5-8d8b-c08b97f59b86,Katerine,Barnhart,1959-12-11,female,,"{""city"": ""Lake City"", ""line1"": ""648 Walter Building"", ""state"": ""FL"", ""country"": ""United States"", ""postalCode"": ""32055""}",-4.82674E+11,Main,206,A,Active,2015-12-31 16:45:00.000 -0800,,,,,,,,FALSE,A
8fbf6922-f49b-42b3-a636-18f2fd6c4d9c,Martha,Shockley,1956-11-09,female,,"{""city"": ""Live Oak"", ""line1"": ""494 Richmond Plaza"", ""state"": ""FL"", ""country"": ""United States"", ""postalCode"": ""32060""}",96BB191D-,Main,119,A,Active,2016-01-05 12:45:00.000 -0800,,,,,,,,FALSE,B
c6346af4-4224-4379-b577-18d08ac57eed,Phung,Vance,1924-07-24,male,,"{""city"": ""O Brien"", ""line1"": ""235 Yule Avenue"", ""state"": ""FL"", ""country"": ""United States"", ""postalCode"": ""32071""}",96BB191D-,Main,100,A,Active,2016-01-05 02:30:00.000 -0800,,,,,,,,FALSE,A
e4e5348b-8f3a-4f46-aad8-afb5b92eb298,Aarav,Lindsey,1944-11-26,male,,"{""city"": ""Virginia Beach"", ""line1"": ""4034 Sodales St."", ""state"": ""VA"", ""country"": ""United States"", ""postalCode"": ""85941""}",West Tower,Scrubbed__CDF0B3C4-90B4-4658-8,P55,Primary,Active,2021-10-14 10:51:00.000 -0700,,,,,,,,FALSE,B
ee089b9d-41a9-44fe-aca4-bda49a76be0f,Alfredo,Petersen,1939-11-09,male,,"{""city"": ""Virginia Beach"", ""line1"": ""4034 Sodales St."", ""state"": ""VA"", ""country"": ""United States"", ""postalCode"": ""85941""}",West Tower,Scrubbed__473F6E87-522F-457C-B,1265,Primary,Active,2013-02-20 05:00:00.000 -0800,,,,,,,,FALSE,B
75bc2470-7949-42ec-8c52-c0c6f69b9969,Sawyer,Avila,1935-11-28,male,,"{""city"": ""Virginia Beach"", ""line1"": ""4034 Sodales St."", ""state"": ""VA"", ""country"": ""United States"", ""postalCode"": ""85941""}",West Tower,Scrubbed__6915564E-D06E-4451-9,463,Primary,Active,2014-12-19 05:00:00.000 -0800,,,,,,,,FALSE,B
0ac0f7af-8b96-4c88-b5df-0636e4775136,Mattie,Ayers,1938-08-10,female,,"{""city"": ""Virginia Beach"", ""line1"": ""4034 Sodales St."", ""state"": ""VA"", ""country"": ""United States"", ""postalCode"": ""85941""}",East Tower,Scrubbed__6915564E-D06E-4451-9,424,Primary,Active,2017-07-13 05:00:00.000 -0700,,,,,,,,FALSE,B
a6191254-92eb-40f5-a86f-5db6a35a4cc6,Laurie,Benton,1931-10-23,female,,"{""city"": ""Live Oak"", ""line1"": ""584 Osborn Road"", ""state"": ""FL"", ""country"": ""United States"", ""postalCode"": ""32060""}",96BB191D-,Main,120,B,Active,2014-02-28 21:10:00.000 -0800,,,,,,,,FALSE,A
c30e3b53-4a66-4e45-bc3e-d1e02292ba3f,Nada,Belton,1951-04-13,female,,"{""city"": ""Live Oak"", ""line1"": ""277 Sears Place"", ""state"": ""FL"", ""country"": ""United States"", ""postalCode"": ""32060""}",96BB191D-,Main,115,B,Active,2014-03-16 13:05:00.000 -0700,,,,,,,,FALSE,A
ecd06c2e-f29f-4773-ab8f-9be1590b5319,Rozella,Mccreary,1931-09-25,female,,"{""city"": ""Live Oak"", ""line1"": ""277 Sears Place"", ""state"": ""FL"", ""country"": ""United States"", ""postalCode"": ""32064""}",96BB191D-,Main,105,B,Active,2015-05-18 03:15:00.000 -0700,,,,,,,,FALSE,B
a1478804-6f72-4fd9-9336-9ba8b363fb71,Tanna,Bartlett,1929-09-01,female,,"{""city"": ""Riverview"", ""line1"": ""898 Landon Road"", ""state"": ""FL"", ""country"": ""United States"", ""postalCode"": ""33578""}",A85835C5-,Main,421,B,Active,2016-06-03 15:36:00.000 -0700,,,,,,,,FALSE,B
1645fcdf-c413-4437-8be7-dfc6f2a1259d,Omar,Rich,1934-09-12,male,,"{""city"": ""Virginia Beach"", ""line1"": ""4034 Sodales St."", ""state"": ""VA"", ""country"": ""United States"", ""postalCode"": ""85941""}",West Tower,Scrubbed__2CE27FC8-C45D-477B-8,1053,Primary,Active,2017-01-31 05:00:00.000 -0800,,,,,,,,FALSE,A
867b6aa4-3c5f-404e-b287-992826d38693,Kolby,Owens,1946-04-01,male,,"{""city"": ""Virginia Beach"", ""line1"": ""4034 Sodales St."", ""state"": ""VA"", ""country"": ""United States"", ""postalCode"": ""85941""}",West Tower,Scrubbed__415C0CC7-D810-460F-B,757,Primary,Active,2018-11-30 05:00:00.000 -0800,,,,,,,,FALSE,B
4c101ba2-8b63-4615-8b6b-dcb72ceca48a,Kali,Boyd,1930-08-26,female,,"{""city"": ""Virginia Beach"", ""line1"": ""4034 Sodales St."", ""state"": ""VA"", ""country"": ""United States"", ""postalCode"": ""85941""}",West Tower,Scrubbed__2CE27FC8-C45D-477B-8,1041,Primary,Active,2002-12-04 05:00:00.000 -0800,,,,,,,,FALSE,B
b0fc3c0b-620d-4b46-aa6d-6e50c8b5ad80,Chanel,Franco,1939-06-30,female,White,"{""city"": ""Virginia Beach"", ""line1"": ""4034 Sodales St."", ""state"": ""VA"", ""country"": ""United States"", ""postalCode"": ""85941""}",East Tower,Scrubbed__415C0CC7-D810-460F-B,722,Secondary,Active,2017-07-11 05:00:00.000 -0700,,,,,,,,FALSE,A
724ebde3-3f19-4406-a01a-9672e8ea00ac,Nathaniel,Dunn,1952-02-25,male,,"{""city"": ""Virginia Beach"", ""line1"": ""4034 Sodales St."", ""state"": ""VA"", ""country"": ""United States"", ""postalCode"": ""85941""}",West Tower,Scrubbed__CDF0B3C4-90B4-4658-8,P63,Primary,Active,2018-05-16 05:00:00.000 -0700,,,,,,,,FALSE,B
3bb92fc3-f46e-419c-bcd8-822e74fa2c47,Tabitha,Hodges,1948-06-27,female,White,"{""city"": ""Virginia Beach"", ""line1"": ""4034 Sodales St."", ""state"": ""VA"", ""country"": ""United States"", ""postalCode"": ""85941""}",East Tower,Scrubbed__473F6E87-522F-457C-B,1209,Secondary,Active,2023-04-27 12:00:00.000 -0700,,,,,,,,FALSE,A
3f049944-1d86-4117-aab6-c78165d09ef2,Rhianna,Tran,1952-12-27,female,White,"{""city"": ""Virginia Beach"", ""line1"": ""556-9295 Donec St."", ""state"": ""VA"", ""postalCode"": ""13885""}",,,,,Active,2021-01-26 05:00:00.000 -0800,,,,,,,,FALSE,B
4fe88160-445a-4e4e-9cb8-8a350c49eaa8,Glenn,Suarez,1949-07-07,male,White,"{""city"": ""Virginia Beach"", ""line1"": ""Ap #125-1290 Quisque Avenue"", ""state"": ""VA"", ""country"": ""United States"", ""postalCode"": ""85941""}",,,,,Active,2022-05-27 05:00:00.000 -0700,,,,,,,,FALSE,A
49f9eeda-572b-4d70-b749-ce3f65fdbb05,Hezekiah,Hester,1946-10-17,male,White,"{""city"": ""Virginia Beach"", ""line1"": ""141-7905 Ut, St."", ""state"": ""VA"", ""country"": ""United States"", ""postalCode"": ""37706""}",,,,,Active,2021-12-17 05:00:00.000 -0800,,,,,,,,FALSE,A
a01f0172-2e24-493f-a8d1-2a2cf9a1c023,Macy,Deleon,1955-03-16,female,White,"{""city"": ""Virginia Beach"", ""line1"": ""447-3170 Facilisis, St."", ""state"": ""VA"", ""country"": ""United States"", ""postalCode"": ""37706""}",,,,,Active,2022-07-12 05:00:00.000 -0700,,,,,,,,FALSE,B
635017e7-6807-427b-bff8-223ccd9c1937,Mattie,Tucker,1952-03-02,female,White,"{""city"": ""Virginia Beach"", ""line1"": ""Ap #253-9034 Aliquet. Ave"", ""state"": ""VA"", ""country"": ""United States"", ""postalCode"": ""37706""}",,,,,Active,2022-06-20 05:00:00.000 -0700,,,,,,,,FALSE,A
02db7a83-2bfc-4b49-b3d3-bfd91fafe114,Allan,Gay,1953-03-14,male,White,"{""city"": ""Virginia Beach"", ""line1"": ""4034 Sodales St."", ""state"": ""VA"", ""country"": ""United States"", ""postalCode"": ""85941""}",East Tower,Scrubbed__5D9100FB-09C7-49B2-B,630,Primary,Active,2021-10-18 05:00:00.000 -0700,,,,,,,,FALSE,A
8bfcef60-cb0c-4747-98dd-0d4903677853,Angelyn,Aguilar,1923-04-21,female,"White, not of Hispanic Origin","{""city"": ""Dade City"", ""line1"": ""708 Garrah Lane"", ""state"": ""FL"", ""country"": ""United States"", ""postalCode"": ""33525""}",18BF9EBF-,Main,41,B,Active,2015-09-25 13:18:00.000 -0700,,,,,,,,FALSE,B
